timestamp,machine_id,failure,val1,val2,val3,val4,field7,val5,val6,val7
2020-03-19 00:00:00,S10110,0,28498780,43,13865,491,9,2,4,45.1
2020-03-19 00:02:00,S10110,0,99141602,384,16015,481,11,3,2,44.3
2020-03-19 00:04:00,S10110,0,82094080,317,23223,277,11,1,1,34.4
2020-03-19 00:06:00,S10110,0,62067778,48,4638,172,11,1,0,40.7
2020-03-19 00:08:00,S10110,0,21232811,363,6438,488,9,3,0,63.5
2020-03-19 00:10:00,S10110,0,13232988,201,7388,283,9,1,3,46.3
2020-03-19 00:12:00,S10110,0,18343206,160,9470,350,10,3,0,4.5
2020-03-19 00:14:00,S10110,0,24153876,359,13118,527,10,3,2,55.1
2020-03-19 00:16:00,S10110,0,34099114,24,5935,276,9,1,3,25.7
2020-03-19 00:18:00,S10110,0,52297122,100,197,88,9,3,3,16.0
2020-03-19 00:20:00,S10110,0,102873730,66,22684,357,12,1,3,51.9
2020-03-19 00:22:00,S10110,0,47885686,320,15891,201,12,2,1,50.3
2020-03-19 00:24:00,S10110,0,18899315,92,23411,290,12,2,4,21.9
2020-03-19 00:26:00,S10110,0,53152301,248,18549,9,10,2,2,65.6
2020-03-19 00:28:00,S10110,0,20806676,71,24903,416,12,1,2,52.8
2020-03-19 00:30:00,S10110,0,70117663,301,20623,253,9,0,0,69.1
2020-03-19 00:32:00,S10110,0,98969488,389,23275,413,11,3,0,60.8
2020-03-19 00:34:00,S10110,0,10576709,262,708,145,9,1,1,32.0
2020-03-19 00:36:00,S10110,0,93733615,136,5695,260,11,3,3,32.0
2020-03-19 00:38:00,S10110,0,17907468,336,17480,222,10,3,2,17.3
2020-03-19 00:40:00,S10110,0,58501622,75,19462,53,9,3,1,20.2
2020-03-19 00:42:00,S10110,0,26207880,37,20919,20,9,0,0,53.1
2020-03-19 00:44:00,S10110,0,90552124,253,22424,516,11,0,3,12.3
2020-03-19 00:46:00,S10110,0,31951461,169,9690,307,11,2,3,15.1
2020-03-19 00:48:00,S10110,0,42772470,367,5262,292,12,3,0,69.7
2020-03-19 00:50:00,S10110,0,80723095,268,15965,244,9,2,3,51.4
2020-03-19 00:52:00,S10110,0,73959277,83,9680,458,9,1,4,52.2
2020-03-19 00:54:00,S10110,0,24253589,339,9269,489,10,0,4,52.9
2020-03-19 00:56:00,S10110,0,31707879,117,11026,3,12,3,1,29.3
2020-03-19 00:58:00,S10110,0,31630445,274,18690,252,10,0,3,14.5
2020-03-19 01:00:00,S10110,0,47911134,233,19761,274,9,3,1,16.2
2020-03-19 01:02:00,S10110,0,26784834,75,8323,82,11,2,4,20.6
2020-03-19 01:04:00,S10110,0,12743813,256,21028,529,12,0,2,11.8
2020-03-19 01:06:00,S10110,0,70157591,115,14213,404,9,0,2,45.8
2020-03-19 01:08:00,S10110,0,47563043,52,15398,455,9,3,1,57.0
2020-03-19 01:10:00,S10110,0,71395157,303,13370,489,12,1,2,21.4
2020-03-19 01:12:00,S10110,0,22592056,361,21013,269,11,2,0,0.7
2020-03-19 01:14:00,S10110,0,80079160,229,12530,200,10,1,0,54.5
2020-03-19 01:16:00,S10110,1,138623313,4685,36661,584,9,5,8,91.4
2020-03-19 01:18:00,S10110,0,83197738,301,1171,80,9,2,0,10.5
2020-03-19 01:20:00,S10110,0,47630487,33,14343,417,12,0,2,63.6
2020-03-19 01:22:00,S10110,0,27830762,279,571,512,11,3,2,1.8
2020-03-19 01:24:00,S10110,0,10542689,88,9949,0,9,0,4,9.7
2020-03-19 01:26:00,S10110,0,90385444,292,14467,78,12,3,0,22.1
2020-03-19 01:28:00,S10110,0,20734914,119,23218,88,11,3,3,41.4
2020-03-19 01:30:00,S10110,0,15565711,46,4735,53,10,3,4,67.6
2020-03-19 01:32:00,S10110,0,91947633,305,21416,305,10,1,4,15.5
2020-03-19 01:34:00,S10110,0,71877702,370,11569,265,11,1,4,26.5
2020-03-19 01:36:00,S10110,0,51863691,287,11632,118,10,2,1,20.2
2020-03-19 01:38:00,S10110,0,62553046,233,12907,454,10,0,1,69.6
2020-03-19 01:40:00,S10110,0,40877386,149,3574,494,10,0,0,35.8
2020-03-19 01:42:00,S10110,0,94090834,20,17992,432,12,3,0,36.4
2020-03-19 01:44:00,S10110,0,49197908,152,21927,247,11,0,0,55.8
2020-03-19 01:46:00,S10110,0,30826030,166,13921,278,12,0,2,48.3
2020-03-19 01:48:00,S10110,0,51468770,221,17479,113,10,3,1,22.6
2020-03-19 01:50:00,S10110,0,17510058,299,2429,77,10,3,2,32.9
2020-03-19 01:52:00,S10110,0,50601620,304,488,266,11,3,2,24.7
2020-03-19 01:54:00,S10110,0,43821035,4,23205,474,12,0,2,39.1
2020-03-19 01:56:00,S10110,0,96291916,322,5816,152,9,3,4,0.9
2020-03-19 01:58:00,S10110,0,59975301,98,10065,177,12,2,3,32.9
2020-03-19 02:00:00,S10110,0,33564485,390,17256,135,9,2,2,67.4
2020-03-19 02:02:00,S10110,0,56797689,40,896,54,9,0,0,1.5
2020-03-19 02:04:00,S10110,0,23380575,140,11102,51,9,2,0,59.6
2020-03-19 02:06:00,S10110,0,64935653,148,11113,485,10,3,3,10.3
2020-03-19 02:08:00,S10110,0,72792515,163,329,124,12,2,3,23.3
2020-03-19 02:10:00,S10110,0,93898987,255,16394,239,11,3,3,52.2
2020-03-19 02:12:00,S10110,0,31698496,256,554,273,9,0,1,25.7
2020-03-19 02:14:00,S10110,0,24094908,65,6720,518,10,2,1,53.5
2020-03-19 02:16:00,S10110,0,51977098,363,5424,136,11,2,3,39.3
2020-03-19 02:18:00,S10110,0,96586310,178,675,379,12,3,0,26.9
2020-03-19 02:20:00,S10110,0,100053150,213,18391,226,12,1,0,51.3
2020-03-19 02:22:00,S10110,0,17160366,71,11463,165,11,0,1,68.8
2020-03-19 02:24:00,S10110,0,55306375,10,22364,226,11,1,2,23.3
2020-03-19 02:26:00,S10110,0,19015150,243,3590,317,12,2,3,60.6
2020-03-19 02:28:00,S10110,0,23518134,202,24615,158,12,2,3,9.3
2020-03-19 02:30:00,S10110,1,144116919,1847,42383,786,10,6,10,89.3
2020-03-19 02:32:00,S10110,0,25072129,124,3708,312,10,2,2,1.7
2020-03-19 02:34:00,S10110,0,82154564,132,19976,272,12,3,0,35.1
2020-03-19 02:36:00,S10110,0,85806638,200,14499,433,10,3,4,66.1
2020-03-19 02:38:00,S10110,0,88304774,331,9175,311,12,2,4,27.2
2020-03-19 02:40:00,S10110,0,66555466,261,8297,14,10,0,4,41.1
2020-03-19 02:42:00,S10110,0,51954693,8,6900,102,9,0,2,12.5
2020-03-19 02:44:00,S10110,0,49665584,7,12644,192,11,3,1,17.3
2020-03-19 02:46:00,S10110,0,42855723,390,11535,413,11,1,3,54.6
2020-03-19 02:48:00,S10110,0,37261699,11,1195,194,9,3,4,6.8
2020-03-19 02:50:00,S10110,0,99475853,254,6095,422,12,1,2,64.9
2020-03-19 02:52:00,S10110,0,60832580,123,19046,64,10,3,4,60.0
2020-03-19 02:54:00,S10110,0,99282975,58,16284,240,10,0,0,12.0
2020-03-19 02:56:00,S10110,0,73798784,244,8022,467,12,0,3,9.8
2020-03-19 02:58:00,S10110,0,56198009,283,20263,514,10,1,1,37.9
2020-03-19 03:00:00,S10110,0,21884841,127,3956,247,9,0,1,28.4
2020-03-19 03:02:00,S10110,0,64563760,140,14381,362,11,1,2,41.6
2020-03-19 03:04:00,S10110,0,62331376,171,14115,339,11,3,3,0.2
2020-03-19 03:06:00,S10110,0,77846237,24,21689,444,11,3,0,47.4
2020-03-19 03:08:00,S10110,0,57702915,155,5507,349,12,0,0,54.7
2020-03-19 03:10:00,S10110,0,31108852,311,574,218,10,0,3,46.2
2020-03-19 03:12:00,S10110,0,58926053,108,1199,272,12,0,1,32.1
2020-03-19 03:14:00,S10110,0,10481384,333,11830,19,11,2,0,67.2
2020-03-19 03:16:00,S10110,0,44835071,183,9270,260,10,2,3,16.1
2020-03-19 03:18:00,S10110,0,33461435,273,9543,327,12,3,4,5.3
2020-03-19 03:20:00,S10110,0,78692978,182,17873,495,11,3,0,52.0
2020-03-19 03:22:00,S10110,0,77663096,346,15892,484,11,2,2,62.0
2020-03-19 03:24:00,S10110,0,67125188,356,19928,333,9,0,0,68.6
2020-03-19 03:26:00,S10110,0,81942416,298,22528,219,12,1,2,20.4
2020-03-19 03:28:00,S10110,0,68278765,335,524,101,12,0,1,61.0
2020-03-19 03:30:00,S10110,0,87755463,151,18791,60,12,2,4,31.3
2020-03-19 03:32:00,S10110,0,104540285,43,24103,71,11,2,1,39.6
2020-03-19 03:34:00,S10110,0,65181378,50,23353,305,9,0,0,46.6
2020-03-19 03:36:00,S10110,0,100957014,28,15646,347,11,2,2,47.2
2020-03-19 03:38:00,S10110,0,27138717,238,9079,367,10,2,3,11.4
2020-03-19 03:40:00,S10110,0,30540161,109,17039,194,10,3,3,25.2
2020-03-19 03:42:00,S10110,0,82814443,152,1186,452,11,3,4,35.2
2020-03-19 03:44:00,S10110,0,96878606,264,701,153,12,1,3,8.5
2020-03-19 03:46:00,S10110,0,12362933,187,8551,365,11,2,0,44.0
2020-03-19 03:48:00,S10110,0,76546187,83,22271,213,12,1,3,66.0
2020-03-19 03:50:00,S10110,0,29857174,277,18456,437,11,0,4,22.8
2020-03-19 03:52:00,S10110,0,21307507,22,20675,328,10,0,2,20.3
2020-03-19 03:54:00,S10110,0,13283813,391,2991,221,10,1,3,67.2
2020-03-19 03:56:00,S10110,0,69661015,105,3213,77,9,0,4,52.3
2020-03-19 03:58:00,S10110,0,61366663,392,21867,312,12,1,1,39.8
2020-03-19 04:00:00,S10110,0,86296942,138,24143,202,12,1,0,13.8
2020-03-19 04:02:00,S10110,0,22807607,296,17199,310,9,0,2,52.8
2020-03-19 04:04:00,S10110,0,26052720,85,15333,393,12,2,2,64.7
2020-03-19 04:06:00,S10110,0,44673730,302,2178,234,9,0,2,41.5
2020-03-19 04:08:00,S10110,0,78622037,344,7450,124,9,2,2,64.1
2020-03-19 04:10:00,S10110,0,103736777,57,24118,60,10,2,0,19.6
2020-03-19 04:12:00,S10110,0,80298301,264,14449,342,12,1,4,8.6
2020-03-19 04:14:00,S10110,0,40486339,359,12226,247,9,3,3,33.0
2020-03-19 04:16:00,S10110,0,74352711,369,13771,395,11,3,0,29.6
2020-03-19 04:18:00,S10110,0,14779623,306,24470,107,9,2,4,10.9
2020-03-19 04:20:00,S10110,0,15334995,86,16988,22,12,0,4,20.1
2020-03-19 04:22:00,S10110,0,69729499,220,12869,493,12,1,2,62.4
2020-03-19 04:24:00,S10110,0,79278445,168,5020,155,12,2,3,65.5
2020-03-19 04:26:00,S10110,0,53578079,340,21776,69,11,2,4,18.2
2020-03-19 04:28:00,S10110,0,35874964,253,17616,203,10,2,0,51.6
2020-03-19 04:30:00,S10110,0,68824482,293,17492,109,12,2,0,69.0
2020-03-19 04:32:00,S10110,0,95889516,118,17541,179,11,0,0,22.3
2020-03-19 04:34:00,S10110,0,14307017,377,14434,345,12,0,2,7.4
2020-03-19 04:36:00,S10110,0,91197785,230,23865,491,9,1,0,32.7
2020-03-19 04:38:00,S10110,0,47797992,328,1057,28,10,0,3,60.0
2020-03-19 04:40:00,S10110,0,41709441,4,1654,18,10,0,4,51.1
2020-03-19 04:42:00,S10110,0,18319573,314,10835,367,11,1,2,35.3
2020-03-19 04:44:00,S10110,0,44728938,210,1839,326,9,2,0,29.8
2020-03-19 04:46:00,S10110,0,28503003,56,9533,512,10,0,4,20.9
2020-03-19 04:48:00,S10110,0,58818531,107,8929,59,10,3,4,33.7
2020-03-19 04:50:00,S10110,0,95615104,212,7689,116,10,2,0,24.6
2020-03-19 04:52:00,S10110,0,47025916,6,23005,51,9,0,2,42.7
2020-03-19 04:54:00,S10110,0,30647674,91,16670,124,11,3,2,12.2
2020-03-19 04:56:00,S10110,0,94713132,309,14177,196,9,1,4,61.7
2020-03-19 04:58:00,S10110,0,51797290,165,22584,123,11,1,0,49.7
2020-03-19 05:00:00,S10110,0,28205071,200,21974,399,10,2,0,62.2
2020-03-19 05:02:00,S10110,0,91929662,14,15990,359,9,1,2,46.0
2020-03-19 05:04:00,S10110,0,68697984,79,10594,241,9,2,0,34.0
2020-03-19 05:06:00,S10110,0,29392803,231,18180,247,10,2,2,63.1
2020-03-19 05:08:00,S10110,0,101456763,135,21881,286,10,3,1,17.0
2020-03-19 05:10:00,S10110,0,52780075,52,23698,502,11,1,4,30.2
2020-03-19 05:12:00,S10110,0,20845812,126,339,113,10,0,4,29.5
2020-03-19 05:14:00,S10110,0,50557774,191,9108,475,10,1,1,63.6
2020-03-19 05:16:00,S10110,0,77126786,66,15717,515,10,2,4,24.2
2020-03-19 05:18:00,S10110,0,59875010,134,21271,319,12,1,0,26.5
2020-03-19 05:20:00,S10110,0,24060630,127,10324,252,9,3,3,34.7
2020-03-19 05:22:00,S10110,0,16034292,307,12945,455,10,0,4,66.7
2020-03-19 05:24:00,S10110,0,60091372,277,11107,245,9,2,2,30.7
2020-03-19 05:26:00,S10110,0,36947268,223,23746,58,10,1,3,46.5
2020-03-19 05:28:00,S10110,0,100287478,283,20561,146,9,1,4,36.4
2020-03-19 05:30:00,S10110,0,32151424,371,7411,334,11,0,1,43.0
2020-03-19 05:32:00,S10110,0,38162005,278,6099,47,12,0,2,47.3
2020-03-19 05:34:00,S10110,0,83782501,111,275,251,9,0,3,30.4
2020-03-19 05:36:00,S10110,0,59127498,385,16980,452,10,3,2,21.9
2020-03-19 05:38:00,S10110,0,85747292,387,13472,230,9,0,1,19.6
2020-03-19 05:40:00,S10110,0,89542315,218,7410,64,11,1,3,16.7
2020-03-19 05:42:00,S10110,0,81384073,293,2193,301,11,2,1,49.3
2020-03-19 05:44:00,S10110,0,62967790,306,6673,180,11,0,0,26.9
2020-03-19 05:46:00,S10110,0,24372563,194,9980,0,9,3,0,20.5
2020-03-19 05:48:00,S10110,0,43070885,71,20918,485,12,2,1,7.8
2020-03-19 05:50:00,S10110,0,60017634,86,23399,5,11,3,0,12.0
2020-03-19 05:52:00,S10110,0,33904876,386,10104,67,10,1,1,39.5
2020-03-19 05:54:00,S10110,0,44918760,368,23901,443,12,1,4,24.2
2020-03-19 05:56:00,S10110,0,49447325,268,8707,367,11,2,3,21.9
2020-03-19 05:58:00,S10110,0,90074640,86,7844,353,12,3,4,60.6
2020-03-19 06:00:00,S10110,0,105044979,243,14097,407,12,0,1,32.6
2020-03-19 06:02:00,S10110,0,77281360,117,19830,317,12,0,1,40.1
2020-03-19 06:04:00,S10110,0,78374345,41,8813,344,10,2,0,68.3
2020-03-19 06:06:00,S10110,0,61695134,5,17924,8,11,2,0,59.4
2020-03-19 06:08:00,S10110,0,39799147,239,9586,283,12,0,1,7.6
2020-03-19 06:10:00,S10110,0,41774459,219,8410,116,10,2,0,34.5
2020-03-19 06:12:00,S10110,0,64330218,85,4682,322,11,3,4,2.6
2020-03-19 06:14:00,S10110,0,16864057,292,7589,90,11,3,3,60.0
2020-03-19 06:16:00,S10110,0,71115036,26,21775,118,12,2,2,37.8
2020-03-19 06:18:00,S10110,0,63641167,33,9425,206,10,1,0,50.5
2020-03-19 06:20:00,S10110,0,37934717,160,9445,325,12,2,1,35.1
2020-03-19 06:22:00,S10110,0,96104890,8,16799,235,11,2,1,64.3
2020-03-19 06:24:00,S10110,0,25102345,131,15611,456,10,3,1,61.7
2020-03-19 06:26:00,S10110,0,56933711,21,8372,232,9,3,2,19.4
2020-03-19 06:28:00,S10110,0,75526647,119,4573,91,10,3,4,68.7
2020-03-19 06:30:00,S10110,0,39434032,103,5895,436,12,1,2,15.0
2020-03-19 06:32:00,S10110,0,59894755,200,15870,286,9,3,1,68.2
2020-03-19 06:34:00,S10110,0,37796584,52,21650,364,9,1,3,3.5
2020-03-19 06:36:00,S10110,0,82068712,157,13207,259,10,2,4,43.5
2020-03-19 06:38:00,S10110,0,37491529,186,13952,16,10,1,1,31.0
2020-03-19 06:40:00,S10110,0,37994005,324,5314,398,10,2,1,21.9
2020-03-19 06:42:00,S10110,0,75148127,321,2504,493,9,0,3,31.3
2020-03-19 06:44:00,S10110,0,83192920,384,6955,522,12,2,3,30.6
2020-03-19 06:46:00,S10110,0,59861277,261,13662,213,10,3,2,35.1
2020-03-19 06:48:00,S10110,0,15240174,230,17331,65,9,0,4,14.2
2020-03-19 06:50:00,S10110,0,12641882,121,9748,295,10,2,4,59.6
2020-03-19 06:52:00,S10110,0,81092419,14,18607,421,10,2,4,20.6
2020-03-19 06:54:00,S10110,0,80608459,388,16074,103,9,1,3,36.9
2020-03-19 06:56:00,S10110,0,31490857,354,16116,74,11,2,0,24.6
2020-03-19 06:58:00,S10110,0,23632746,355,9262,527,9,0,1,28.1
2020-03-19 07:00:00,S10110,0,12253104,258,13735,497,12,1,1,22.6
2020-03-19 07:02:00,S10110,0,88030325,304,17761,266,11,2,0,1.1
2020-03-19 07:04:00,S10110,0,27872229,309,19607,184,12,0,3,7.8
2020-03-19 07:06:00,S10110,0,80279957,65,22754,520,11,1,0,66.6
2020-03-19 07:08:00,S10110,0,58677434,334,19782,467,11,2,0,13.8
2020-03-19 07:10:00,S10110,0,49755682,285,10399,243,9,0,4,12.9
2020-03-19 07:12:00,S10110,0,69140824,271,2413,187,10,1,2,29.0
2020-03-19 07:14:00,S10110,0,75445430,32,15620,465,11,2,4,64.4
2020-03-19 07:16:00,S10110,0,70254480,268,22601,360,11,3,3,31.1
2020-03-19 07:18:00,S10110,0,77125293,70,15645,385,9,0,3,40.3
2020-03-19 07:20:00,S10110,0,65780431,22,21800,529,11,0,4,54.2
2020-03-19 07:22:00,S10110,0,54095962,110,11662,207,11,1,2,65.1
2020-03-19 07:24:00,S10110,0,69023193,343,16140,381,9,1,1,25.6
2020-03-19 07:26:00,S10110,0,73307615,293,906,149,10,1,0,59.0
2020-03-19 07:28:00,S10110,0,70530479,233,3263,250,11,1,3,5.2
2020-03-19 07:30:00,S10110,0,85931130,272,19384,479,11,3,1,21.9
2020-03-19 07:32:00,S10110,0,72248279,12,6292,20,10,0,4,68.8
2020-03-19 07:34:00,S10110,0,64829680,1,21215,243,11,2,2,23.9
2020-03-19 07:36:00,S10110,0,42172352,240,18356,456,10,3,1,3.8
2020-03-19 07:38:00,S10110,0,72864798,42,5005,472,10,2,4,61.3
2020-03-19 07:40:00,S10110,0,32663146,205,12732,82,10,3,1,32.1
2020-03-19 07:42:00,S10110,0,53911489,186,12724,279,9,3,0,0.3
2020-03-19 07:44:00,S10110,0,20266862,52,14820,268,9,1,1,12.9
2020-03-19 07:46:00,S10110,0,104634610,191,17153,517,9,1,0,20.1
2020-03-19 07:48:00,S10110,0,45505058,351,3640,123,12,2,2,54.8
2020-03-19 07:50:00,S10110,0,82747919,329,10410,469,9,3,2,44.7
2020-03-19 07:52:00,S10110,0,81687407,358,10050,409,10,1,4,14.8
2020-03-19 07:54:00,S10110,0,71382900,211,7274,268,9,2,1,58.7
2020-03-19 07:56:00,S10110,0,81668222,339,9098,430,12,2,3,41.2
2020-03-19 07:58:00,S10110,0,14521534,131,3434,245,11,0,0,28.6
2020-03-19 08:00:00,S10110,0,70134560,1,22290,152,11,2,3,2.2
2020-03-19 08:02:00,S10110,0,85816750,221,18676,287,9,3,0,12.9
2020-03-19 08:04:00,S10110,0,94587935,290,5537,131,9,1,3,17.7
2020-03-19 08:06:00,S10110,0,10443503,84,20864,111,10,1,2,51.4
2020-03-19 08:08:00,S10110,0,40588015,198,794,456,12,2,2,62.1
2020-03-19 08:10:00,S10110,0,82119724,283,1520,448,9,2,2,34.9
2020-03-19 08:12:00,S10110,0,97910732,281,1608,510,12,3,1,35.8
2020-03-19 08:14:00,S10110,0,54940349,304,9722,346,12,1,4,2.8
2020-03-19 08:16:00,S10110,0,20179558,23,17532,255,11,1,4,58.7
2020-03-19 08:18:00,S10110,0,49425143,228,4312,118,12,1,1,7.8
2020-03-19 08:20:00,S10110,0,38138506,241,9488,414,9,2,1,34.2
2020-03-19 08:22:00,S10110,0,30007935,70,11488,85,11,0,4,54.0
2020-03-19 08:24:00,S10110,0,30198703,305,19961,154,10,3,1,25.4
2020-03-19 08:26:00,S10110,0,32396580,247,8253,402,11,2,2,40.2
2020-03-19 08:28:00,S10110,0,75960941,304,13163,416,11,2,4,62.0
2020-03-19 08:30:00,S10110,0,68988863,43,16145,273,12,1,4,5.2
2020-03-19 08:32:00,S10110,0,59537458,194,24481,362,11,0,3,63.6
2020-03-19 08:34:00,S10110,0,37505166,133,15399,118,11,1,2,30.7
2020-03-19 08:36:00,S10110,0,21148715,389,14185,452,12,3,2,58.2
2020-03-19 08:38:00,S10110,0,41460975,95,23132,439,11,2,0,6.9
2020-03-19 08:40:00,S10110,0,17902524,50,3263,412,12,2,0,12.6
2020-03-19 08:42:00,S10110,0,71660855,141,2339,30,11,3,0,24.5
2020-03-19 08:44:00,S10110,0,50341540,12,21257,5,12,3,0,3.1
2020-03-19 08:46:00,S10110,0,64495752,389,24037,478,9,3,1,52.8
2020-03-19 08:48:00,S10110,0,40160057,262,7887,325,9,0,1,14.4
2020-03-19 08:50:00,S10110,0,51147626,98,20687,41,9,0,4,37.9
2020-03-19 08:52:00,S10110,0,90378070,249,12842,499,9,2,0,13.2
2020-03-19 08:54:00,S10110,0,21497845,207,24511,214,11,0,2,33.4
2020-03-19 08:56:00,S10110,0,62732272,184,13454,203,11,0,0,53.8
2020-03-19 08:58:00,S10110,0,50386440,147,16278,415,10,2,4,51.2
2020-03-19 09:00:00,S10110,0,96312535,180,10186,340,9,1,0,15.4
2020-03-19 09:02:00,S10110,0,10905791,237,5242,451,11,2,3,50.4
2020-03-19 09:04:00,S10110,0,36320381,233,2738,392,11,0,1,3.2
2020-03-19 09:06:00,S10110,0,63160597,366,16488,430,10,0,0,36.0
2020-03-19 09:08:00,S10110,0,48611014,176,13440,50,9,0,2,59.4
2020-03-19 09:10:00,S10110,0,21973707,323,15910,56,9,1,2,49.6
2020-03-19 09:12:00,S10110,0,97560188,346,7492,232,10,2,3,64.0
2020-03-19 09:14:00,S10110,0,66557275,357,21305,167,9,2,1,67.8
2020-03-19 09:16:00,S10110,0,48592053,29,12755,482,11,2,1,36.1
2020-03-19 09:18:00,S10110,0,16863824,117,17529,410,12,2,2,34.4
2020-03-19 09:20:00,S10110,0,74262017,63,19794,68,9,1,2,65.2
2020-03-19 09:22:00,S10110,0,51765362,203,10251,232,12,3,4,25.7
2020-03-19 09:24:00,S10110,0,17337395,357,421,317,12,3,4,36.6
2020-03-19 09:26:00,S10110,0,21911435,226,2724,232,12,1,0,2.7
2020-03-19 09:28:00,S10110,0,91050891,320,19875,276,11,0,4,26.2
2020-03-19 09:30:00,S10110,0,50522442,338,12812,213,9,0,3,22.0
2020-03-19 09:32:00,S10110,0,41754984,360,18207,251,12,2,0,31.1
2020-03-19 09:34:00,S10110,0,79164171,330,1556,90,12,1,3,19.8
2020-03-19 09:36:00,S10110,0,19261043,39,4542,401,11,2,4,56.4
2020-03-19 09:38:00,S10110,0,66240363,126,12715,57,9,1,2,23.1
2020-03-19 09:40:00,S10110,0,100001091,78,424,444,9,3,1,29.3
2020-03-19 09:42:00,S10110,0,10921671,149,20365,294,9,0,4,63.6
2020-03-19 09:44:00,S10110,0,30651825,356,15848,54,10,0,4,30.2
2020-03-19 09:46:00,S10110,0,90028695,121,10191,390,12,3,1,64.3
2020-03-19 09:48:00,S10110,0,102108900,308,8234,202,10,1,3,11.1
2020-03-19 09:50:00,S10110,0,42389732,259,1536,298,12,3,3,22.8
2020-03-19 09:52:00,S10110,0,16066519,236,1480,201,12,1,0,8.9
2020-03-19 09:54:00,S10110,0,78365999,205,10616,282,12,1,0,56.9
2020-03-19 09:56:00,S10110,0,30091498,60,15992,451,12,2,0,58.0
2020-03-19 09:58:00,S10110,0,68378292,355,20716,3,11,1,3,37.6
2020-03-19 10:00:00,S10110,0,18945852,60,13748,202,12,3,0,26.8
2020-03-19 10:02:00,S10110,0,50211851,378,13353,217,12,0,4,44.2
2020-03-19 10:04:00,S10110,0,30545897,306,114,517,12,3,1,5.7
2020-03-19 10:06:00,S10110,0,21616434,373,1866,357,12,2,3,30.5
2020-03-19 10:08:00,S10110,0,96909922,339,13957,362,12,1,3,6.5
2020-03-19 10:10:00,S10110,0,61607242,187,971,215,10,2,1,50.9
2020-03-19 10:12:00,S10110,0,65499168,294,16420,77,9,1,1,2.1
2020-03-19 10:14:00,S10110,0,11195555,64,19957,246,9,3,3,8.3
2020-03-19 10:16:00,S10110,0,33318549,242,14078,395,12,3,0,19.8
2020-03-19 10:18:00,S10110,0,97954742,183,17742,273,9,1,1,62.5
2020-03-19 10:20:00,S10110,0,103236909,167,11973,375,9,3,3,12.5
2020-03-19 10:22:00,S10110,0,65944924,115,2283,518,11,0,1,37.5
2020-03-19 10:24:00,S10110,0,53375679,193,9513,262,10,3,4,52.9
2020-03-19 10:26:00,S10110,0,94567206,230,15772,358,11,3,1,4.8
2020-03-19 10:28:00,S10110,0,77431966,154,9312,310,10,1,4,67.8
2020-03-19 10:30:00,S10110,0,43725986,204,22740,159,9,2,3,11.8
2020-03-19 10:32:00,S10110,0,21849120,357,18507,483,12,2,3,66.7
2020-03-19 10:34:00,S10110,0,67819730,317,13095,104,9,2,4,59.0
2020-03-19 10:36:00,S10110,0,55290154,22,14321,470,9,1,0,18.0
2020-03-19 10:38:00,S10110,0,27748634,211,10065,269,10,1,1,4.3
2020-03-19 10:40:00,S10110,0,53600634,359,6373,313,9,1,2,57.7
2020-03-19 10:42:00,S10110,0,13943848,266,11415,355,10,3,3,7.2
2020-03-19 10:44:00,S10110,0,69244272,250,12506,402,12,2,0,63.7
2020-03-19 10:46:00,S10110,0,43795916,301,19617,15,11,3,2,69.3
2020-03-19 10:48:00,S10110,0,73691187,362,5809,7,12,2,1,68.5
2020-03-19 10:50:00,S10110,0,36894280,75,6542,150,12,1,0,9.0
2020-03-19 10:52:00,S10110,0,25686542,216,9212,64,9,3,0,25.8
2020-03-19 10:54:00,S10110,0,101369758,50,5351,185,10,0,1,21.8
2020-03-19 10:56:00,S10110,0,31182658,277,17112,266,10,3,2,32.8
2020-03-19 10:58:00,S10110,0,79907804,113,23344,94,9,2,3,58.7
2020-03-19 11:00:00,S10110,0,49330555,160,6596,261,11,1,1,50.2
2020-03-19 11:02:00,S10110,0,61397271,261,14136,8,12,1,4,65.6
2020-03-19 11:04:00,S10110,0,53657527,80,2797,248,9,0,2,34.0
2020-03-19 11:06:00,S10110,0,66295948,26,7594,436,11,3,2,17.1
2020-03-19 11:08:00,S10110,0,23960639,245,13413,515,10,3,0,0.8
2020-03-19 11:10:00,S10110,0,23648323,183,949,438,9,2,1,13.5
2020-03-19 11:12:00,S10110,0,15699480,324,19884,418,12,3,3,4.4
2020-03-19 11:14:00,S10110,0,100359673,301,401,508,10,3,4,35.4
2020-03-19 11:16:00,S10110,0,102858538,72,20547,133,11,1,3,31.9
2020-03-19 11:18:00,S10110,0,70163586,182,6050,269,9,2,2,47.7
2020-03-19 11:20:00,S10110,0,70589799,309,20058,516,11,0,0,0.5
2020-03-19 11:22:00,S10110,0,54877765,307,5518,201,11,0,1,17.1
2020-03-19 11:24:00,S10110,0,53001193,91,20883,355,12,3,4,59.0
2020-03-19 11:26:00,S10110,0,43767750,216,22229,71,9,3,1,53.6
2020-03-19 11:28:00,S10110,0,30125762,80,19619,118,12,2,3,56.4
2020-03-19 11:30:00,S10110,0,80794182,148,19873,151,11,3,2,62.4
2020-03-19 11:32:00,S10110,0,104169674,110,16456,132,10,1,0,11.9
2020-03-19 11:34:00,S10110,0,27531653,185,23459,80,10,0,4,26.9
2020-03-19 11:36:00,S10110,0,31372819,214,20251,270,11,1,1,46.3
2020-03-19 11:38:00,S10110,0,12463267,10,22614,228,10,1,1,41.1
2020-03-19 11:40:00,S10110,0,68345899,372,24358,256,10,2,3,31.0
2020-03-19 11:42:00,S10110,0,83241273,316,15997,156,10,0,1,25.0
2020-03-19 11:44:00,S10110,0,32598010,57,24848,212,9,3,0,41.2
2020-03-19 11:46:00,S10110,0,85827840,112,10483,469,9,1,0,55.3
2020-03-19 11:48:00,S10110,0,86193082,187,13022,239,12,1,3,40.9
2020-03-19 11:50:00,S10110,0,37954826,276,10154,256,9,3,3,47.5
2020-03-19 11:52:00,S10110,0,59251494,21,20177,96,10,3,1,23.1
2020-03-19 11:54:00,S10110,0,38751612,117,4049,154,9,3,0,59.1
2020-03-19 11:56:00,S10110,0,47133272,69,23332,405,10,3,0,35.3
2020-03-19 11:58:00,S10110,0,91927540,70,19965,151,11,2,4,46.7
2020-03-19 12:00:00,S10110,0,37863190,279,15459,476,11,2,4,67.5
2020-03-19 12:02:00,S10110,0,41138208,336,7555,79,10,2,0,60.3
2020-03-19 12:04:00,S10110,0,55333252,44,14223,111,9,3,0,68.1
2020-03-19 12:06:00,S10110,0,63338389,328,1735,305,9,1,3,36.7
2020-03-19 12:08:00,S10110,0,66795821,310,8940,282,9,0,2,9.5
2020-03-19 12:10:00,S10110,0,92825386,336,13604,381,11,1,0,63.9
2020-03-19 12:12:00,S10110,0,60604380,328,15021,144,12,0,2,39.5
2020-03-19 12:14:00,S10110,0,103608527,300,3957,526,12,0,1,14.3
2020-03-19 12:16:00,S10110,0,75831124,56,24929,440,12,2,3,3.9
2020-03-19 12:18:00,S10110,0,88640642,300,21659,328,12,3,1,26.6
2020-03-19 12:20:00,S10110,0,40957051,210,5876,76,12,0,2,64.5
2020-03-19 12:22:00,S10110,0,25182798,259,12892,473,12,2,2,13.4
2020-03-19 12:24:00,S10110,0,12732527,357,24544,481,11,3,3,5.9
2020-03-19 12:26:00,S10110,0,79158269,53,6641,454,11,0,4,36.5
2020-03-19 12:28:00,S10110,0,55636386,277,22177,516,10,2,3,37.6
2020-03-19 12:30:00,S10110,0,47497257,109,12355,351,10,0,2,30.5
2020-03-19 12:32:00,S10110,0,71658161,134,6906,320,10,1,3,63.5
2020-03-19 12:34:00,S10110,0,38066987,52,6770,83,9,3,2,7.3
2020-03-19 12:36:00,S10110,0,99733222,82,12500,389,12,0,3,26.4
2020-03-19 12:38:00,S10110,0,23399103,147,18110,380,9,2,0,1.3
2020-03-19 12:40:00,S10110,0,100983313,292,5564,316,10,2,1,2.9
2020-03-19 12:42:00,S10110,0,63083175,300,22707,448,11,1,0,9.9
2020-03-19 12:44:00,S10110,0,91606624,351,7609,180,10,1,2,16.6
2020-03-19 12:46:00,S10110,0,65846370,313,16006,480,9,1,0,31.1
2020-03-19 12:48:00,S10110,0,58165995,116,18237,475,11,2,4,40.7
2020-03-19 12:50:00,S10110,0,58421077,102,24217,344,11,3,2,14.4
2020-03-19 12:52:00,S10110,0,101863518,349,6184,92,10,0,4,50.5
2020-03-19 12:54:00,S10110,0,72119065,196,13448,427,9,1,1,58.0
2020-03-19 12:56:00,S10110,0,25642804,146,3785,24,12,1,4,23.0
2020-03-19 12:58:00,S10110,0,35632978,229,19919,517,9,2,2,35.4
2020-03-19 13:00:00,S10110,0,16788415,285,17507,388,12,3,0,5.9
2020-03-19 13:02:00,S10110,0,79661607,220,11176,222,12,2,3,24.7
2020-03-19 13:04:00,S10110,0,66701864,79,8669,380,11,0,2,59.4
2020-03-19 13:06:00,S10110,0,57892959,390,12251,125,10,1,4,51.9
2020-03-19 13:08:00,S10110,0,94788642,334,5847,105,10,0,3,58.3
2020-03-19 13:10:00,S10110,0,37319184,74,19401,384,12,0,1,55.9
2020-03-19 13:12:00,S10110,0,14093737,162,19387,315,9,2,4,1.9
2020-03-19 13:14:00,S10110,0,73962842,207,23703,450,10,1,3,2.5
2020-03-19 13:16:00,S10110,0,90634356,261,53,190,10,3,3,22.5
2020-03-19 13:18:00,S10110,0,24992689,182,18351,201,9,3,1,37.3
2020-03-19 13:20:00,S10110,0,39800787,319,17552,98,10,3,4,62.1
2020-03-19 13:22:00,S10110,0,91112815,34,24516,486,9,0,0,51.3
2020-03-19 13:24:00,S10110,0,14164129,356,2186,212,12,2,2,19.6
2020-03-19 13:26:00,S10110,0,80160842,114,20391,88,10,3,0,56.1
2020-03-19 13:28:00,S10110,0,48950601,351,22632,378,12,0,3,0.2
2020-03-19 13:30:00,S10110,0,32673775,64,12424,23,12,1,2,26.0
2020-03-19 13:32:00,S10110,0,92516437,99,16224,486,11,0,3,63.0
2020-03-19 13:34:00,S10110,0,44697008,86,17486,176,11,2,0,62.1
2020-03-19 13:36:00,S10110,0,43393344,44,23166,191,11,1,3,3.3
2020-03-19 13:38:00,S10110,0,59761089,206,19169,42,9,0,3,28.3
2020-03-19 13:40:00,S10110,0,79421163,136,20792,139,11,1,2,40.3
2020-03-19 13:42:00,S10110,0,100961930,90,16791,89,10,1,2,40.0
2020-03-19 13:44:00,S10110,0,103548120,367,20792,387,9,2,3,52.0
2020-03-19 13:46:00,S10110,0,12537464,47,6918,227,9,1,4,7.6
2020-03-19 13:48:00,S10110,0,72169183,378,15087,413,9,1,1,68.7
2020-03-19 13:50:00,S10110,0,81816120,366,1687,371,10,3,3,8.3
2020-03-19 13:52:00,S10110,0,28734855,111,8082,6,12,3,2,28.6
2020-03-19 13:54:00,S10110,0,99186327,8,20514,395,9,3,4,69.4
2020-03-19 13:56:00,S10110,0,46947746,173,24190,434,12,0,1,42.9
2020-03-19 13:58:00,S10110,0,57744956,65,10897,306,9,1,2,14.8
2020-03-19 14:00:00,S10110,0,49070320,369,1251,497,9,1,1,5.3
2020-03-19 14:02:00,S10110,0,55846735,312,16536,486,9,1,2,8.1
2020-03-19 14:04:00,S10110,0,68546357,14,12853,387,9,2,4,48.2
2020-03-19 14:06:00,S10110,0,58233772,205,19229,480,9,0,1,47.7
2020-03-19 14:08:00,S10110,0,97572106,82,5212,261,11,3,2,46.3
2020-03-19 14:10:00,S10110,0,62382029,0,2680,509,9,0,1,10.3
2020-03-19 14:12:00,S10110,0,46571648,82,6940,505,9,2,1,42.7
2020-03-19 14:14:00,S10110,0,38357571,389,12087,180,9,3,3,67.0
2020-03-19 14:16:00,S10110,0,55673747,367,21570,236,11,2,3,28.5
2020-03-19 14:18:00,S10110,0,91565235,136,16361,24,10,3,2,62.2
2020-03-19 14:20:00,S10110,0,54166115,85,18167,508,11,2,0,12.4
2020-03-19 14:22:00,S10110,0,21881702,238,3634,87,9,3,1,54.3
2020-03-19 14:24:00,S10110,0,77465372,319,1370,461,9,1,1,58.5
2020-03-19 14:26:00,S10110,0,58054468,314,17328,498,10,3,4,6.2
2020-03-19 14:28:00,S10110,0,20868637,61,20797,358,11,1,3,60.4
2020-03-19 14:30:00,S10110,0,100580166,111,13687,504,11,0,0,67.8
2020-03-19 14:32:00,S10110,0,13276933,199,17737,261,12,1,4,11.2
2020-03-19 14:34:00,S10110,0,10878893,153,11963,44,11,2,2,27.2
2020-03-19 14:36:00,S10110,0,48366186,286,23176,448,12,2,4,45.7
2020-03-19 14:38:00,S10110,0,55021840,261,5567,45,11,0,0,16.4
2020-03-19 14:40:00,S10110,0,29698073,19,19836,190,10,0,1,3.9
2020-03-19 14:42:00,S10110,0,37171721,381,677,205,10,2,3,47.9
2020-03-19 14:44:00,S10110,0,77835322,59,14902,372,9,0,4,44.4
2020-03-19 14:46:00,S10110,0,33873814,119,8498,265,12,0,3,4.2
2020-03-19 14:48:00,S10110,0,38710837,320,24874,521,10,1,1,51.6
2020-03-19 14:50:00,S10110,0,32926390,99,24450,335,9,3,0,21.5
2020-03-19 14:52:00,S10110,0,97304140,165,22089,214,12,1,4,33.5
2020-03-19 14:54:00,S10110,0,75631797,147,10872,183,10,0,3,24.9
2020-03-19 14:56:00,S10110,0,54853070,224,10022,109,9,1,4,56.3
2020-03-19 14:58:00,S10110,0,53929845,60,2306,464,10,2,2,42.4
2020-03-19 15:00:00,S10110,0,69054040,225,11735,428,9,0,4,63.2
2020-03-19 15:02:00,S10110,0,12709513,317,2938,529,11,3,3,22.1
2020-03-19 15:04:00,S10110,0,70510247,386,3932,40,9,1,4,1.7
2020-03-19 15:06:00,S10110,0,60383896,286,14173,213,9,3,2,23.7
2020-03-19 15:08:00,S10110,0,68685348,257,23909,477,12,2,1,13.8
2020-03-19 15:10:00,S10110,0,54778435,63,17341,494,9,2,4,11.8
2020-03-19 15:12:00,S10110,0,74146101,277,4995,1,12,2,1,63.6
2020-03-19 15:14:00,S10110,0,40145354,373,15164,387,12,3,0,52.8
2020-03-19 15:16:00,S10110,0,97262695,167,23339,346,9,2,2,69.0
2020-03-19 15:18:00,S10110,0,24536146,356,3995,48,9,3,1,34.4
2020-03-19 15:20:00,S10110,0,32684903,105,23585,434,9,2,4,46.5
2020-03-19 15:22:00,S10110,0,19596259,371,15870,263,11,2,1,60.6
2020-03-19 15:24:00,S10110,0,11033263,27,7179,517,11,0,0,41.2
2020-03-19 15:26:00,S10110,0,41174485,35,11731,398,11,2,0,19.4
2020-03-19 15:28:00,S10110,0,11659075,80,20456,296,9,0,1,68.2
2020-03-19 15:30:00,S10110,0,44828960,236,16130,194,12,3,2,0.9
2020-03-19 15:32:00,S10110,0,28032132,188,153,439,11,1,0,41.8
2020-03-19 15:34:00,S10110,0,103587646,307,358,528,11,0,4,16.5
2020-03-19 15:36:00,S10110,0,75276755,42,11631,178,11,1,4,8.3
2020-03-19 15:38:00,S10110,0,50572854,171,12622,374,12,1,2,48.6
2020-03-19 15:40:00,S10110,1,214386590,6106,33364,943,9,6,8,71.6
2020-03-19 15:42:00,S10110,0,93377831,304,18296,79,12,0,3,13.4
2020-03-19 15:44:00,S10110,0,13748784,55,1951,355,10,2,1,23.7
2020-03-19 15:46:00,S10110,0,60929717,297,3240,191,9,0,0,28.0
2020-03-19 15:48:00,S10110,0,14658779,188,28,300,12,0,4,23.9
2020-03-19 15:50:00,S10110,0,92899724,376,1661,134,12,1,0,19.3
2020-03-19 15:52:00,S10110,0,38938318,120,10073,210,11,1,4,28.9
2020-03-19 15:54:00,S10110,0,33956508,251,2790,242,9,1,0,32.8
2020-03-19 15:56:00,S10110,0,31586127,283,7273,259,9,3,3,17.0
2020-03-19 15:58:00,S10110,0,66127203,358,13559,1,9,2,2,47.8
2020-03-19 16:00:00,S10110,0,32707115,207,14447,72,10,3,4,5.1
2020-03-19 16:02:00,S10110,0,40720217,134,8665,175,12,2,4,65.5
2020-03-19 16:04:00,S10110,0,96013506,278,5482,401,11,1,2,51.4
2020-03-19 16:06:00,S10110,0,98924139,28,2538,145,12,3,0,33.2
2020-03-19 16:08:00,S10110,0,28892775,276,20086,434,11,0,3,36.6
2020-03-19 16:10:00,S10110,0,30975150,79,24719,446,10,2,3,23.2
2020-03-19 16:12:00,S10110,0,16434294,136,5806,303,10,3,1,62.3
2020-03-19 16:14:00,S10110,0,47604747,314,6371,185,10,0,4,51.4
2020-03-19 16:16:00,S10110,0,79360408,164,3958,221,12,0,2,31.2
2020-03-19 16:18:00,S10110,0,54455338,365,21253,265,11,2,3,10.0
2020-03-19 16:20:00,S10110,0,73879440,118,15995,90,11,2,1,14.0
2020-03-19 16:22:00,S10110,0,10114536,266,11228,446,12,0,2,19.3
2020-03-19 16:24:00,S10110,0,60407891,297,24278,76,11,3,4,66.8
2020-03-19 16:26:00,S10110,0,38148329,12,22893,83,12,1,0,55.7
2020-03-19 16:28:00,S10110,0,85784530,188,17122,381,11,0,4,36.8
2020-03-19 16:30:00,S10110,0,44519219,391,5228,132,12,1,1,55.2
2020-03-19 16:32:00,S10110,0,101074819,211,17131,504,9,1,1,58.9
2020-03-19 16:34:00,S10110,0,27539721,345,16929,394,9,1,1,40.3
2020-03-19 16:36:00,S10110,0,95105903,161,11750,290,10,0,3,12.4
2020-03-19 16:38:00,S10110,0,37151426,20,11251,254,10,2,3,34.8
2020-03-19 16:40:00,S10110,0,14264766,167,13835,385,12,0,3,32.6
2020-03-19 16:42:00,S10110,0,55477763,115,19248,300,12,0,2,23.8
2020-03-19 16:44:00,S10110,0,69581236,266,5757,192,12,1,3,14.2
2020-03-19 16:46:00,S10110,0,87756184,18,518,381,10,1,4,57.0
2020-03-19 16:48:00,S10110,0,59225568,224,17889,279,12,2,0,34.0
2020-03-19 16:50:00,S10110,0,103044153,389,11964,439,11,3,4,30.1
2020-03-19 16:52:00,S10110,0,20822456,327,12142,293,9,3,4,4.4
2020-03-19 16:54:00,S10110,0,31609318,313,12666,454,12,1,0,30.9
2020-03-19 16:56:00,S10110,0,59505219,203,17806,258,11,1,3,36.7
2020-03-19 16:58:00,S10110,0,76295897,131,13846,491,10,0,1,23.4
2020-03-19 17:00:00,S10110,0,71422886,85,18637,177,12,0,0,67.4
2020-03-19 17:02:00,S10110,0,23521871,50,24863,114,9,0,3,18.8
2020-03-19 17:04:00,S10110,0,15743076,22,20723,434,9,2,2,43.4
2020-03-19 17:06:00,S10110,0,56245952,247,6027,201,10,1,0,23.9
2020-03-19 17:08:00,S10110,0,55101255,107,22787,234,12,3,3,57.7
2020-03-19 17:10:00,S10110,0,70430738,45,4068,503,9,1,3,28.4
2020-03-19 17:12:00,S10110,0,76421742,245,22590,189,9,2,2,5.3
2020-03-19 17:14:00,S10110,0,61930588,336,3315,427,12,0,4,20.0
2020-03-19 17:16:00,S10110,0,86811583,377,17763,168,12,3,2,65.5
2020-03-19 17:18:00,S10110,0,68777479,242,18845,241,9,1,2,56.7
2020-03-19 17:20:00,S10110,0,103359368,133,8911,301,10,1,4,7.6
2020-03-19 17:22:00,S10110,0,102560923,186,18130,343,10,2,4,13.6
2020-03-19 17:24:00,S10110,0,12927094,81,11332,419,11,2,4,27.5
2020-03-19 17:26:00,S10110,0,83497131,121,453,480,10,1,0,59.7
2020-03-19 17:28:00,S10110,0,35347730,105,15916,330,11,3,1,37.1
2020-03-19 17:30:00,S10110,0,68452606,100,440,91,9,3,1,37.6
2020-03-19 17:32:00,S10110,0,46879768,332,3850,444,9,0,4,43.5
2020-03-19 17:34:00,S10110,0,80734887,198,13898,148,9,1,0,1.0
2020-03-19 17:36:00,S10110,0,65597185,199,12079,364,10,1,1,38.0
2020-03-19 17:38:00,S10110,0,32286623,164,2589,527,12,2,0,24.2
2020-03-19 17:40:00,S10110,0,33356925,98,15826,87,12,0,1,19.3
2020-03-19 17:42:00,S10110,0,62318381,154,13855,204,12,2,1,11.6
2020-03-19 17:44:00,S10110,0,11882346,242,2640,526,9,2,1,3.3
2020-03-19 17:46:00,S10110,0,70581426,262,21692,137,9,1,0,37.4
2020-03-19 17:48:00,S10110,0,75833684,101,16086,449,10,2,0,16.7
2020-03-19 17:50:00,S10110,0,21985972,318,24814,24,11,2,0,44.8
2020-03-19 17:52:00,S10110,0,27865198,350,16686,420,11,1,3,69.4
2020-03-19 17:54:00,S10110,0,26149965,178,10187,229,10,0,2,43.4
2020-03-19 17:56:00,S10110,0,34063146,343,10949,480,11,1,2,61.1
2020-03-19 17:58:00,S10110,0,91165701,231,10693,38,11,1,2,34.1
2020-03-19 18:00:00,S10110,0,44018498,229,12094,400,11,0,4,65.8
2020-03-19 18:02:00,S10110,0,90882657,174,16183,162,12,3,1,3.1
2020-03-19 18:04:00,S10110,0,48857653,161,17247,283,9,2,2,47.2
2020-03-19 18:06:00,S10110,0,85384617,56,1299,11,12,0,4,15.8
2020-03-19 18:08:00,S10110,0,19995173,127,12258,25,12,2,4,17.1
2020-03-19 18:10:00,S10110,0,97299076,35,8740,206,11,0,0,46.7
2020-03-19 18:12:00,S10110,0,34485033,141,3838,79,9,1,4,34.8
2020-03-19 18:14:00,S10110,0,46118169,125,12864,76,9,0,3,61.2
2020-03-19 18:16:00,S10110,0,92850356,82,17592,206,9,3,4,28.6
2020-03-19 18:18:00,S10110,0,59362129,99,19313,448,11,1,3,42.8
2020-03-19 18:20:00,S10110,0,68235113,35,22314,60,10,1,3,50.5
2020-03-19 18:22:00,S10110,0,80545525,392,9572,398,11,0,0,20.0
2020-03-19 18:24:00,S10110,0,48426571,292,13375,78,12,3,3,0.9
2020-03-19 18:26:00,S10110,0,90118102,324,22085,26,10,2,1,64.5
2020-03-19 18:28:00,S10110,0,17537323,343,1501,459,9,2,0,42.4
2020-03-19 18:30:00,S10110,0,71801454,272,20542,30,9,0,2,42.8
2020-03-19 18:32:00,S10110,0,96283234,0,12934,376,10,0,2,55.3
2020-03-19 18:34:00,S10110,0,96032819,370,2169,149,9,1,0,52.4
2020-03-19 18:36:00,S10110,0,76587534,239,11126,454,11,2,3,28.5
2020-03-19 18:38:00,S10110,0,90660856,266,6672,395,9,0,3,20.3
2020-03-19 18:40:00,S10110,0,67251688,0,8179,143,9,0,0,27.3
2020-03-19 18:42:00,S10110,0,62367279,67,19322,49,9,2,2,13.3
2020-03-19 18:44:00,S10110,0,69372167,32,16482,321,11,1,4,31.1
2020-03-19 18:46:00,S10110,0,84545695,358,15236,455,9,2,3,1.5
2020-03-19 18:48:00,S10110,0,67693762,389,9669,138,11,0,3,29.8
2020-03-19 18:50:00,S10110,0,36997036,127,10461,202,10,1,1,2.7
2020-03-19 18:52:00,S10110,0,71486850,77,14481,40,10,2,4,29.6
2020-03-19 18:54:00,S10110,0,64132303,166,1100,367,10,1,4,26.2
2020-03-19 18:56:00,S10110,0,46379095,311,17940,529,12,1,0,37.7
2020-03-19 18:58:00,S10110,0,63143263,99,15418,299,11,0,1,44.0
2020-03-19 19:00:00,S10110,0,29967059,351,2415,249,11,3,0,28.3
2020-03-19 19:02:00,S10110,0,87784588,183,11884,477,11,3,4,52.4
2020-03-19 19:04:00,S10110,0,96285887,334,2814,7,10,0,4,39.1
2020-03-19 19:06:00,S10110,0,26830308,21,1701,93,11,1,1,16.5
2020-03-19 19:08:00,S10110,0,44286358,298,19828,389,10,0,2,52.9
2020-03-19 19:10:00,S10110,0,97807643,77,39,302,11,2,3,34.8
2020-03-19 19:12:00,S10110,0,49490214,379,16832,10,11,2,2,51.3
2020-03-19 19:14:00,S10110,0,73300980,121,9317,6,11,1,3,33.8
2020-03-19 19:16:00,S10110,0,20636689,9,5125,382,10,1,1,7.4
2020-03-19 19:18:00,S10110,0,97851857,141,9304,417,10,0,2,16.8
2020-03-19 19:20:00,S10110,0,39667516,352,21108,235,9,0,1,18.0
2020-03-19 19:22:00,S10110,0,72801057,149,17825,253,9,3,3,54.3
2020-03-19 19:24:00,S10110,0,36958348,272,16170,195,9,2,1,55.9
2020-03-19 19:26:00,S10110,0,76924548,32,7131,260,12,3,3,46.9
2020-03-19 19:28:00,S10110,0,16073643,9,15940,520,11,3,1,29.9
2020-03-19 19:30:00,S10110,0,68401061,22,14808,448,9,1,1,38.1
2020-03-19 19:32:00,S10110,0,54037073,46,8061,264,9,1,4,12.2
2020-03-19 19:34:00,S10110,0,68454662,380,13447,227,11,2,1,47.6
2020-03-19 19:36:00,S10110,0,13023499,390,22493,87,10,0,0,30.7
2020-03-19 19:38:00,S10110,0,54047889,36,6633,156,10,2,4,60.1
2020-03-19 19:40:00,S10110,0,27715636,38,19636,436,10,3,0,56.2
2020-03-19 19:42:00,S10110,0,89404808,74,7138,429,11,2,3,42.4
2020-03-19 19:44:00,S10110,0,54522282,201,14204,193,12,0,4,58.9
2020-03-19 19:46:00,S10110,0,16265517,363,18371,110,9,3,0,29.3
2020-03-19 19:48:00,S10110,0,92083587,37,17423,258,12,2,2,47.5
2020-03-19 19:50:00,S10110,0,40297485,193,12532,294,9,2,1,30.5
2020-03-19 19:52:00,S10110,0,47290330,89,1379,373,12,0,4,50.7
2020-03-19 19:54:00,S10110,0,13863415,112,7121,350,10,3,4,16.8
2020-03-19 19:56:00,S10110,0,39018906,235,14176,485,10,3,1,43.2
2020-03-19 19:58:00,S10110,0,59711798,6,9442,1,12,0,4,14.9
2020-03-19 20:00:00,S10110,0,81870199,318,10687,509,12,3,2,59.1
2020-03-19 20:02:00,S10110,0,24654638,288,10211,225,11,2,0,41.6
2020-03-19 20:04:00,S10110,0,92256269,198,23111,486,10,0,0,28.2
2020-03-19 20:06:00,S10110,0,76494416,351,7770,345,12,3,3,41.2
2020-03-19 20:08:00,S10110,0,59397342,153,6256,99,11,3,1,0.4
2020-03-19 20:10:00,S10110,0,102176095,366,18886,79,10,1,2,16.5
2020-03-19 20:12:00,S10110,0,60871430,260,18076,262,9,0,4,33.2
2020-03-19 20:14:00,S10110,0,102911395,207,17072,129,10,0,0,52.7
2020-03-19 20:16:00,S10110,0,86202795,322,17082,273,12,0,1,14.8
2020-03-19 20:18:00,S10110,0,103785334,227,76,206,9,0,2,21.6
2020-03-19 20:20:00,S10110,0,82650385,11,24420,400,9,3,1,67.3
2020-03-19 20:22:00,S10110,0,15306101,209,14113,72,11,1,0,26.4
2020-03-19 20:24:00,S10110,0,94743048,62,21341,190,12,3,4,47.2
2020-03-19 20:26:00,S10110,0,84323828,180,480,0,10,0,0,40.2
2020-03-19 20:28:00,S10110,0,69675242,135,2791,407,11,0,4,20.1
2020-03-19 20:30:00,S10110,0,36381168,176,2680,329,9,0,0,0.2
2020-03-19 20:32:00,S10110,0,105191645,250,22988,161,10,1,4,34.7
2020-03-19 20:34:00,S10110,0,60424380,107,1149,444,10,3,0,66.9
2020-03-19 20:36:00,S10110,0,24865717,318,10715,126,11,0,0,67.8
2020-03-19 20:38:00,S10110,0,58541672,122,23577,126,10,0,0,58.7
2020-03-19 20:40:00,S10110,0,55211068,209,9033,135,9,0,0,45.8
2020-03-19 20:42:00,S10110,0,84616853,323,4999,461,12,2,2,4.6
2020-03-19 20:44:00,S10110,0,104803496,128,23415,454,9,0,1,10.2
2020-03-19 20:46:00,S10110,0,26686438,344,11564,403,12,1,0,42.6
2020-03-19 20:48:00,S10110,0,57604500,130,18505,113,9,3,1,55.4
2020-03-19 20:50:00,S10110,0,24949627,86,248,164,9,2,0,32.9
2020-03-19 20:52:00,S10110,0,53177177,331,15936,174,11,1,3,30.0
2020-03-19 20:54:00,S10110,0,53900275,253,21847,83,9,3,0,58.7
2020-03-19 20:56:00,S10110,0,61383575,222,6728,440,12,3,3,26.9
2020-03-19 20:58:00,S10110,0,90654550,95,2838,277,10,0,2,0.1
2020-03-19 21:00:00,S10110,0,24544082,61,12335,503,10,1,2,42.0
2020-03-19 21:02:00,S10110,0,95175518,342,190,245,9,3,3,51.4
2020-03-19 21:04:00,S10110,0,102992215,93,18033,401,9,0,0,64.0
2020-03-19 21:06:00,S10110,0,57607807,75,8950,192,11,0,0,17.8
2020-03-19 21:08:00,S10110,0,101573993,44,16089,246,11,0,0,50.5
2020-03-19 21:10:00,S10110,0,11861226,280,2922,75,12,2,3,40.7
2020-03-19 21:12:00,S10110,0,86896497,333,2578,446,12,0,2,54.8
2020-03-19 21:14:00,S10110,0,77820565,345,21461,500,12,0,0,13.2
2020-03-19 21:16:00,S10110,0,25022893,101,2200,283,12,3,3,55.7
2020-03-19 21:18:00,S10110,0,12351212,216,880,46,11,1,1,24.4
2020-03-19 21:20:00,S10110,0,18976088,280,23457,59,12,3,1,0.4
2020-03-19 21:22:00,S10110,0,86287676,256,20975,481,11,3,4,50.1
2020-03-19 21:24:00,S10110,0,33261455,40,15642,448,9,3,2,3.1
2020-03-19 21:26:00,S10110,0,43533231,237,13530,298,11,3,1,16.9
2020-03-19 21:28:00,S10110,0,17011393,214,2623,439,12,3,2,37.4
2020-03-19 21:30:00,S10110,0,59567420,0,23402,232,10,2,0,48.0
2020-03-19 21:32:00,S10110,0,48892781,108,21969,423,11,1,2,55.8
2020-03-19 21:34:00,S10110,0,15343068,236,16386,72,10,3,1,19.3
2020-03-19 21:36:00,S10110,0,67441367,152,5498,208,10,2,1,10.8
2020-03-19 21:38:00,S10110,0,34194974,374,16497,148,11,2,1,64.1
2020-03-19 21:40:00,S10110,0,64997691,16,22792,300,12,2,0,58.5
2020-03-19 21:42:00,S10110,1,193558779,8885,39587,802,12,6,9,88.0
2020-03-19 21:44:00,S10110,0,92746687,305,22187,167,9,3,3,1.7
2020-03-19 21:46:00,S10110,0,93671713,29,23566,125,11,2,2,2.8
2020-03-19 21:48:00,S10110,0,66451690,367,13315,174,9,2,1,11.3
2020-03-19 21:50:00,S10110,0,95545967,27,12303,109,12,1,1,33.1
2020-03-19 21:52:00,S10110,0,101674186,114,4710,303,11,1,1,62.8
2020-03-19 21:54:00,S10110,0,75583806,353,4774,467,10,3,1,21.6
2020-03-19 21:56:00,S10110,0,58040770,134,8468,171,10,3,1,30.6
2020-03-19 21:58:00,S10110,0,20357292,203,24124,82,11,0,1,47.9
2020-03-19 22:00:00,S10110,0,12393054,146,12479,5,11,2,0,48.2
2020-03-19 22:02:00,S10110,0,61513611,67,14484,394,11,3,4,54.3
2020-03-19 22:04:00,S10110,0,13231272,205,23235,18,12,1,3,45.6
2020-03-19 22:06:00,S10110,0,17500600,61,17359,513,11,1,4,44.8
2020-03-19 22:08:00,S10110,0,42405696,53,8981,135,9,2,3,52.0
2020-03-19 22:10:00,S10110,0,59146933,43,23060,458,10,2,3,38.8
2020-03-19 22:12:00,S10110,0,76786677,156,6287,314,9,0,4,50.3
2020-03-19 22:14:00,S10110,0,48558407,2,5197,216,12,2,1,40.2
2020-03-19 22:16:00,S10110,0,95685182,235,8836,25,10,0,3,47.6
2020-03-19 22:18:00,S10110,0,68895815,300,11151,462,11,3,2,15.9
2020-03-19 22:20:00,S10110,0,29709183,220,12256,7,12,3,2,42.9
2020-03-19 22:22:00,S10110,0,45587110,321,11319,372,11,3,3,43.7
2020-03-19 22:24:00,S10110,0,22111271,334,15159,453,10,1,2,35.6
2020-03-19 22:26:00,S10110,0,42563562,360,8616,277,11,0,2,67.0
2020-03-19 22:28:00,S10110,0,85822337,323,4319,499,11,3,0,1.8
2020-03-19 22:30:00,S10110,0,101994159,340,13600,337,12,0,4,25.3
2020-03-19 22:32:00,S10110,0,79852628,161,24825,167,12,0,4,64.0
2020-03-19 22:34:00,S10110,0,61523391,51,13034,389,9,3,0,16.4
2020-03-19 22:36:00,S10110,0,29847632,114,18058,8,9,1,3,18.1
2020-03-19 22:38:00,S10110,0,94546680,304,10501,275,9,0,3,16.9
2020-03-19 22:40:00,S10110,0,17718076,89,12249,363,12,0,0,31.5
2020-03-19 22:42:00,S10110,0,68416985,181,21192,302,9,0,3,46.6
2020-03-19 22:44:00,S10110,0,55839651,307,9912,159,11,2,0,33.4
2020-03-19 22:46:00,S10110,0,14362084,51,24804,13,9,1,1,52.1
2020-03-19 22:48:00,S10110,0,50407644,289,10477,125,9,2,0,24.3
2020-03-19 22:50:00,S10110,0,23883077,265,12012,398,11,2,3,67.9
2020-03-19 22:52:00,S10110,0,87869809,120,3882,51,12,3,4,63.9
2020-03-19 22:54:00,S10110,0,73278362,336,22589,465,9,2,2,19.9
2020-03-19 22:56:00,S10110,0,39969800,272,1593,452,11,3,1,32.4
2020-03-19 22:58:00,S10110,0,68719542,125,247,499,10,2,3,49.6
2020-03-19 23:00:00,S10110,0,75204704,179,1105,103,11,3,0,37.7
2020-03-19 23:02:00,S10110,0,34166810,62,20806,434,12,3,0,65.3
2020-03-19 23:04:00,S10110,0,48936600,338,21751,247,12,3,4,26.0
2020-03-19 23:06:00,S10110,0,86212737,179,23351,245,9,0,1,17.7
2020-03-19 23:08:00,S10110,0,65515911,296,19848,519,11,3,3,31.8
2020-03-19 23:10:00,S10110,0,50329259,300,23112,95,9,0,3,50.5
2020-03-19 23:12:00,S10110,0,21583123,219,6497,52,9,0,3,40.7
2020-03-19 23:14:00,S10110,0,86635868,17,14122,346,10,3,3,11.9
2020-03-19 23:16:00,S10110,1,202362746,9015,30930,781,9,5,7,74.1
2020-03-19 23:18:00,S10110,0,101045587,341,23292,493,12,1,3,45.6
2020-03-19 23:20:00,S10110,0,42210994,33,24330,223,10,0,3,51.0
2020-03-19 23:22:00,S10110,0,59467980,37,6373,121,9,3,1,38.6
2020-03-19 23:24:00,S10110,0,24565603,330,10749,102,12,1,1,3.3
2020-03-19 23:26:00,S10110,0,74834724,287,1687,4,12,3,2,31.2
2020-03-19 23:28:00,S10110,0,84750417,360,22491,302,10,0,1,12.3
2020-03-19 23:30:00,S10110,0,104998529,65,18912,97,10,2,4,38.0
2020-03-19 23:32:00,S10110,1,160896714,5410,49186,952,11,7,10,75.5
2020-03-19 23:34:00,S10110,0,50343808,62,3252,201,12,2,4,51.5
2020-03-19 23:36:00,S10110,0,80458454,347,20447,368,12,3,0,55.1
2020-03-19 23:38:00,S10110,0,55819376,55,10900,251,12,3,1,66.8
2020-03-19 23:40:00,S10110,0,43881084,303,21113,424,10,0,0,21.2
2020-03-19 23:42:00,S10110,0,23920502,134,10409,516,11,0,2,50.8
2020-03-19 23:44:00,S10110,0,87221496,140,268,215,11,2,1,44.5
2020-03-19 23:46:00,S10110,0,31108948,132,2372,285,12,3,4,44.3
2020-03-19 23:48:00,S10110,0,80470473,72,24886,42,11,1,2,40.8
2020-03-19 23:50:00,S10110,0,82957481,364,9211,114,12,2,0,65.1
2020-03-19 23:52:00,S10110,0,82057490,379,3061,145,12,2,3,37.3
2020-03-19 23:54:00,S10110,0,82766839,3,3228,210,9,3,2,10.7
2020-03-19 23:56:00,S10110,0,51836261,229,2658,519,12,3,3,59.5
2020-03-19 23:58:00,S10110,0,41544385,239,13895,234,12,2,3,55.7
